{"lats": [-90.0, -87.17277486910994, -84.3455497382199, -81.51832460732984, -78.69109947643979, -75.86387434554973, -73.03664921465969, -70.20942408376963, -67.38219895287958, -64.55497382198953, -61.72774869109948, -58.90052356020942, -56.07329842931937, -53.24607329842932, -50.41884816753927, -47.59162303664922, -44.76439790575916, -41.93717277486911, -39.109947643979055, -36.282722513089006, -33.455497382198956, -30.6282722513089, -27.80104712041885, -24.9738219895288, -22.146596858638745, -19.31937172774869, -16.492146596858646, -13.66492146596859, -10.837696335078533, -8.010471204188477, -5.1832460732984345, -2.356020942408378, 0.47120418848167844, 3.2984293193717207, 6.125654450261777, 8.952879581151834, 11.78010471204189, 14.607329842931932, 17.43455497382199, 20.261780104712045, 23.089005235602087, 25.916230366492144, 28.7434554973822, 31.570680628272257, 34.3979057591623, 37.225130890052355, 40.0523560209424, 42.87958115183247, 45.70680628272251, 48.53403141361255, 51.36125654450262, 54.188481675392666, 57.01570680628271, 59.84293193717278, 62.67015706806282, 65.49738219895289, 68.32460732984293, 71.15183246073298, 73.97905759162305, 76.80628272251309, 79.63350785340313, 82.4607329842932, 85.28795811518324, 88.11518324607329], "lons": [0.0, 3.75, 7.5, 11.25, 15.0, 18.75, 22.5, 26.25, 30.0, 33.75, 37.5, 41.25, 45.0, 48.75, 52.5, 56.25, 60.0, 63.75, 67.5, 71.25, 75.0, 78.75, 82.5, 86.25, 90.0, 93.75, 97.5, 101.25, 105.0, 108.75, 112.5, 116.25, 120.0, 123.75, 127.5, 131.25, 135.0, 138.75, 142.5, 146.25, 150.0, 153.75, 157.5, 161.25, 165.0, 168.75, 172.5, 176.25, 180.0, 183.75, 187.5, 191.25, 195.0, 198.75, 202.5, 206.25, 210.0, 213.75, 217.5, 221.25, 225.0, 228.75, 232.5, 236.25, 240.0, 243.75, 247.5, 251.25, 255.0, 258.75, 262.5, 266.25, 270.0, 273.75, 277.5, 281.25, 285.0, 288.75, 292.5, 296.25, 300.0, 303.75, 307.5, 311.25, 315.0, 318.75, 322.5, 326.25, 330.0, 333.75, 337.5, 341.25, 345.0, 348.75, 352.5, 356.25], "years": [2015, 2016, 2017, 2018, 2019, 2020, 2021, 2022, 2023, 2024, 2025, 2026, 2027, 2028, 2029, 2030, 2031, 2032, 2033, 2034, 2035, 2036, 2037, 2038, 2039, 2040, 2041, 2042, 2043, 2044, 2045, 2046, 2047, 2048, 2049, 2050, 2051, 2052, 2053, 2054, 2055, 2056, 2057, 2058, 2059, 2060, 2061, 2062, 2063, 2064, 2065, 2066, 2067, 2068, 2069, 2070, 2071, 2072, 2073, 2074, 2075, 2076, 2077, 2078, 2079, 2080, 2081, 2082, 2083, 2084, 2085, 2086, 2087, 2088, 2089, 2090, 2091, 2092, 2093, 2094, 2095, 2096, 2097, 2098, 2099, 2100], "thresholds": [1.5, 2.0, 3.0, 4.0], "scenarios": ["ssp126", "ssp245", "ssp585"], "n_lat": 64, "n_lon": 96}